BSSID1,BSSID2,BSSID3,BSSID4,BSSID5,RSSI1,RSSI2,RSSI3,RSSI4,RSSI5,Frequency1,Frequency2,Frequency3,Frequency4,Frequency5,accelerometer,magnetometer,location
d4:6b:a6:c4:28:00,d4:6b:a6:c4:28:01,d4:6b:a6:c4:28:02,c0:fd:84:cd:99:c3,d8:4a:2b:14:7d:b7,-53,-58,-70,-61,-65,-53,-58,-70,-61,-65,,,outdoor
d4:6b:a6:c4:28:00,d4:6b:a6:c4:28:01,d4:6b:a6:c4:28:02,c0:fd:84:cd:99:c3,d8:4a:2b:14:7d:b7,-53,-58,-70,-61,-65,-53,-58,-70,-61,-65,,,outdoor
d4:6b:a6:c4:28:00,d4:6b:a6:c4:28:01,d4:6b:a6:c4:28:02,c0:fd:84:cd:99:c3,d8:4a:2b:14:7d:b7,-53,-58,-70,-61,-65,-53,-58,-70,-61,-65,,,outdoor
d4:6b:a6:c4:28:00,d4:6b:a6:c4:28:01,d4:6b:a6:c4:28:02,c0:fd:84:cd:99:c3,d8:4a:2b:14:7d:b7,-53,-58,-70,-61,-65,-53,-58,-70,-61,-65,,,indoor
d4:6b:a6:c4:28:00,d4:6b:a6:c4:28:01,d4:6b:a6:c4:28:02,c0:fd:84:cd:99:c3,d8:4a:2b:14:7d:b7,-53,-58,-70,-61,-65,-53,-58,-70,-61,-65,,,outdoor
d4:6b:a6:c4:28:00,d4:6b:a6:c4:28:01,d4:6b:a6:c4:28:02,c0:fd:84:cd:99:c3,d8:4a:2b:14:7d:b7,-53,-58,-70,-61,-65,-53,-58,-70,-61,-65,,,outdoor
d8:4a:2b:14:7d:b7,74:da:88:c9:3d:c4,d4:6b:a6:c4:28:00,5c:a6:e6:38:f8:99,84:47:65:53:a9:04,-77,-78,-79,-80,-87,-77,-78,-79,-80,-87,9.86742235986187,40.14334666230508,outdoor
d4:6b:a6:c4:28:00,74:da:88:c9:3d:c4,84:47:65:53:a9:04,5c:a6:e6:38:f8:99,74:da:88:7f:ae:be,-74,-75,-84,-84,-94,-74,-75,-84,-84,-94,9.910427972165287,38.47051427717077,indoor
d4:6b:a6:c4:28:00,74:da:88:c9:3d:c4,84:47:65:53:a9:04,5c:a6:e6:38:f8:99,74:da:88:7f:ae:be,-74,-75,-84,-84,-94,2452,2422,2442,2457,2452,9.910427972165287,38.47051427717077,outdoor
